{
  "serviceName": "myHomepage",
  "adminConsoleIP": "localhost",
  "adminConsolePort": "13330",
  "adminUsername": "weblogic",
  "adminPassword": "forget78",
  "serviceURL":"http://localhost:13330",
  "instances":
[
  {
    "instanceName": "managed1",
    "checkUrl":"http://localhost:13331"
  },
  {
    "instanceName": "managed2",
    "checkUrl":"http://localhost:13333"
  },
  {
    "instanceName": "AdminServer",
    "checkUrl":"http://localhost:13334"
  },
  {
    "instanceName": "managed3",
    "checkUrl":"http://localhost:13334"
  }
]
}